art,standort,jahr,jahrgang,n,s,ca,na,k,mg,p,mn,TC
Buche,site_300,1993,1,25.3583241455347,1.32304299889746,11.6912899669239,0.0413781697905182,5.62183020948181,2.81918412348401,0.829437706725468,,542.44762954796
Buche,site_300,1993,1,25.2137689103267,1.53475115106336,11.771541328656,0.0441679456259592,7.41613681210261,2.02258276693708,0.963604472703355,,525.104143828108
Buche,site_300,1994,1,24.5464247598719,1.49413020277481,14.6680896478122,0.0298826040554963,5.72038420490928,3.07684098185699,1.17876200640342,,512.273212379936
Buche,site_300,1994,1,23.5546038543897,1.71306209850107,12.941113490364,0.0339400428265525,7.71627408993576,2.28051391862955,,,513.918629550321
Buche,site_300,1995,1,,1.63398692810458,13.2755991285403,0.0392919389978213,3.30936819172113,4.56862745098039,0.951416122004357,,515.250544662309
Buche,site_300,1995,1,23.0769230769231,1.75824175824176,12.5582417582418,0.045,5.44615384615385,2.55934065934066,0.973406593406593,,515.384615384615
Buche,site_300,1996,1,21.8102508178844,1.46564885496183,11.9749182115594,0.0317666303162486,4.56924754634678,2.17557251908397,0.735332606324973,,496.510359869138
Buche,site_300,1996,1,22.7765726681128,1.68763557483731,10.6832971800434,0.0335466377440347,8.21691973969631,1.53796095444685,1.04251626898048,0.112429501084599,501.626898047722
Buche,site_300,1997,1,22.6781857451404,1.57991360691145,14.0842332613391,0.041792656587473,4.84773218142549,3.38552915766739,0.921922246220302,,479.481641468683
Buche,site_300,1997,1,24.7844827586207,1.67456896551724,10.4418103448276,0.0305064655172414,8.59590517241379,1.69396551724138,1.09881465517241,0.125463362068966,490.301724137931
Buche,site_300,1998,1,24.4135442097442,1.46162827725295,11.5231928669993,0.0122492304426282,5.90170894809468,2.1006262604819,0.927820825814669,,492.304426281711
Buche,site_300,1998,1,23.3372228704784,1.50949400657685,10.8443831547682,0.0153813514373608,7.70658746154662,1.80227007531558,1.0266256497295,,504.932640288533
Buche,site_300,1999,1,23.6915787206547,1.4128796037045,12.6448416971785,0.0175533060521215,6.57872065474908,2.61145810898126,1.07613611888865,,511.199655395219
Buche,site_300,1999,1,22.5733634311512,1.45006986993443,10.5965817478233,0.0209824787702892,6.76770934107277,2.21863914866172,1.04976889175535,,512.630334300763
Buche,site_300,2000,1,22.5321888412017,1.46459227467811,12.793991416309,0.0229399141630901,7.04399141630901,2.52789699570815,1.01502145922747,,502.145922746781
Buche,site_300,2000,1,23.6559139784946,1.43548387096774,13.5118279569892,0.0159032258064516,6.04838709677419,2.71505376344086,1.00150537634409,,501.075268817204
Buche,site_300,2001,1,25.668449197861,1.64919786096257,16.131550802139,0.020192513368984,4.48235294117647,3.05561497326203,0.979358288770054,,502.780748663102
Buche,site_300,2001,1,21.2901852246115,1.48179689163296,10.5567383436236,0.0279965935703641,8.1094315520545,1.56163508622525,0.888865233127528,0.103715137321695,512.88056206089
Buche,site_300,2002,1,25.6410256410256,1.65918803418803,12.3653846153846,0.0299786324786325,5.09081196581197,3.00106837606838,0.912927350427351,,501.068376068376
Buche,site_300,2002,1,23.3793836344315,1.4346439957492,10.4973432518597,0.029192348565356,7.95430393198725,1.76514346439958,0.991179596174283,0.142986184909671,502.656748140276
Buche,site_300,2003,1,23.4092360076612,1.52692062140881,15.051074696744,0.015524579697808,4.17961268354969,3.74122153649713,0.851032134496701,,491.593956160885
Buche,site_300,2003,1,22.3024638912489,1.7427782497876,14.9129141886151,0.0202421410365336,6.75552251486831,2.42990654205607,0.683305012744265,,497.026338147833
Buche,site_300,2006,1,22.6000860955661,1.4270340077486,9.43392165303487,0.0203723633232888,7.59793370641412,1.84136891950065,0.94845027981059,0.100387430047353,525.182953077917
Buche,site_300,2006,1,22.6586102719033,1.39080707811826,10.0485541648684,0.0226262408286577,4.63314630988347,2.44281398359948,0.995036685369012,,517.911091929219
Buche,site_300,2007,1,22.640306122449,1.43707482993197,14.8299319727891,0.0228528911564626,4.04761904761905,3.68728741496599,0.824829931972789,,509.885204081633
Buche,site_300,2007,1,23.0728335991494,1.69059011164274,13.9032429558745,0.0217969165337586,6.8548644338118,2.21265284423179,0.888888888888889,,513.98192450824
Buche,site_300,2008,1,21.3807041804063,1.26475906818424,9.13945324965429,0.0348473566641847,4.83778321455164,1.84873949579832,0.767258802255079,,514.838846931177
Buche,site_300,2008,1,21.9163578613023,1.46109052408682,10.3758602435151,0.0401905770248809,7.5436739015352,1.5436739015352,0.841291688724193,0.106299629433563,507.676019057702
Buche,site_300,2011,1,20.5822757811667,1.20614268955956,14.2124346806015,0.0384877892716221,3.21531406633252,3.66108563506452,0.697451210408446,,504.425722512531
Buche,site_300,2011,1,21.9791887874283,1.63198131238055,13.4795073263963,0.0500849437247823,6.15204926736037,2.586536419622,0.90783605861117,,503.291569335315
Buche,site_700,1993,1,23.0086556371206,1.42434534896461,15.3851210693547,0.0346773309959461,6.36353675906651,2.77747343048099,0.609619809356853,0.0170044921661006,530.294729922209
Buche,site_700,1993,1,19.79980200198,0.989990100098999,12.3748762512375,0.0471235287647124,5.59454405455945,3.0139698603014,0.645583544164558,0.0170718292817072,
Buche,site_700,1993,1,24.2184059885513,1.43108762659621,11.8394980184941,0.026144870101277,5.16512549537649,2.94473800088067,0.934940554821664,0.0221268163804491,521.796565389696
Buche,site_700,1993,1,20.8630723619194,1.42747337213133,14.1484572307017,0.0463709234654661,7.07587570001098,3.03063577467882,0.570879543208521,0.0219391676732184,524.870978368288
Buche,site_700,1993,1,,1.55176235867879,14.7217911771226,0.0533030370206163,5.97650188428286,3.93371757925072,0.679339392595877,0.0310463311904234,515.406783418311
Buche,site_700,1993,1,20.9043899218836,1.10023104852019,12.6559577511277,0.0365606777423259,6.08317746726813,3.2368797447464,0.67246121685554,0.0297612498624711,529.211134338211
Buche,site_700,1994,1,25.6410256410256,1.4957264957265,18.667735042735,0.0413034188034188,,3.63782051282051,0.882264957264957,0.0152777777777778,487.179487179487
Buche,site_700,1994,1,19.2926045016077,1.07181136120043,16.3440514469453,0.0338692390139336,6.63558413719185,3.80064308681672,0.945659163987138,0.0116827438370847,502.679528403001
Buche,site_700,1994,1,,1.4957264957265,17.0042735042735,0.0351388888888889,5.79273504273504,3.9775641025641,,0.0116452991452991,503.205128205128
Buche,site_700,1994,1,21.3903743315508,1.3903743315508,18.5486631016043,0.0401390374331551,5.80641711229947,4.15080213903743,0.835828877005348,0.0235294117647059,500.534759358289
Buche,site_700,1994,1,22.6049515608181,1.72228202368138,15.1420882669537,,8.41227125941873,4.22927879440258,0.985037674919268,0.0156081808396125,495.156081808396
Buche,site_700,1994,1,22.5321888412017,1.28755364806867,13.8508583690987,0.0490557939914163,6.65236051502146,3.07725321888412,1.01105150214592,0.040675965665236,502.145922746781
Buche,site_700,1995,1,23.8095238095238,1.73160173160173,14.3246753246753,0.0443398268398268,7.26082251082251,2.91883116883117,0.826948051948052,0.0173593073593074,506.493506493507
Buche,site_700,1995,1,18.3585313174946,1.61987041036717,17.2742980561555,0.0459827213822894,4.55831533477322,4.49136069114471,0.975053995680346,0.0165766738660907,516.198704103672
Buche,site_700,1995,1,23.0515916575192,,14.1119648737651,0.0497255762897914,5.76509330406147,3.37102085620198,0.851481888035126,0.0199012074643249,511.52579582876
Buche,site_700,1995,1,23.0010952902519,1.75246440306681,15.354874041621,0.0414895947426068,5.49726177437021,3.54654983570646,0.90065717415115,0.0159802847754655,511.500547645126
Buche,site_700,1995,1,19.438444924406,1.40388768898488,12.3952483801296,0.0215226781857451,4.32829373650108,3.93952483801296,0.639956803455724,0.0201403887688985,497.840172786177
Buche,site_700,1995,1,19.8237885462555,1.76211453744493,15.0881057268722,,3.75550660792952,3.26872246696035,0.576651982378855,0.0434030837004405,507.709251101322
Buche,site_700,1996,1,17.5438596491228,1.33662280701754,11.4451754385965,0.0294517543859649,5.08114035087719,3.01644736842105,0.714583333333333,0.00994517543859649,501.425438596491
Buche,site_700,1996,1,15.3172866520788,1.13238512035011,7.25601750547046,0.0325164113785558,5.63129102844639,1.66739606126915,0.520787746170678,0.0111269146608315,521.44420131291
Buche,site_700,1996,1,19.6936542669584,1.64442013129103,15.3971553610503,0.0292669584245077,5.22428884026258,3.85120350109409,0.664989059080963,0.0232275711159737,501.09409190372
Buche,site_700,1996,1,19.629225736096,1.39803707742639,13.3282442748092,0.037917121046892,4.62486368593239,3.80916030534351,0.723009814612868,0.0208396946564885,504.034896401309
Buche,site_700,1996,1,16.2866449511401,1.35396308360478,13.2312703583062,0.0333876221498371,3.63409337676439,3.04125950054289,0.616178067318132,0.0232464712269273,503.365906623236
Buche,site_700,1996,1,20.6521739130435,1.53804347826087,12.345652173913,0.0316521739130435,5.37717391304348,2.84130434782609,0.837391304347826,0.0369347826086956,495
Buche,site_700,1997,1,21.6684723726977,1.5373781148429,17.9349945828819,0.0303575297941495,6.92741061755146,3.82015167930661,0.756554712892741,0.0200650054171181,475.622968580715
Buche,site_700,1997,1,,0.95119305856833,10.5130151843818,0.0314642082429501,4.48915401301518,1.89587852494577,0.415401301518438,0.0147830802603037,488.069414316703
Buche,site_700,1997,1,21.7627856365615,1.6822633297062,18.0195865070729,0.0379651795429815,7.81175190424374,4.34820457018498,0.579978237214363,0.0282263329706202,478.781284004353
Buche,site_700,1997,1,21.6216216216216,1.46702702702703,14.2421621621622,0.0458486486486486,4.87891891891892,4.10054054054054,0.686486486486487,0.0233513513513514,483.243243243243
Buche,site_700,1997,1,18.2795698924731,1.46451612903226,14.1129032258065,0.0323978494623656,5.13978494623656,2.99462365591398,0.641612903225806,0.0238494623655914,496.774193548387
Buche,site_700,1997,1,20.4081632653061,1.53061224489796,14.7475832438238,0.0337379162191192,5.23523093447905,3.10204081632653,0.610848549946294,0.0387218045112782,491.944146079484
Buche,site_700,1998,1,20.3186824938509,1.29290984921399,14.3717249492033,0.0249492032937654,6.2164474387766,3.18896374719281,0.675008020532563,0.0200192492781521,481.231953801732
Buche,site_700,1998,1,15.9846547314578,0.96227621483376,6.73913043478261,0.0159633418584825,8.07225063938619,1.97357203751066,0.522378516624041,0.00858908780903666,492.114236999147
Buche,site_700,1998,1,21.5308429325008,1.64387985789644,18.1203574119927,0.018871783830337,5.62493271611584,4.08224782000215,0.580686833889547,0.0258047152546022,475.831628808268
Buche,site_700,1998,1,21.4938205265986,1.28747984954326,12.518001074691,0.0193121977431488,4.57495969908651,4.11714132186996,0.681461579795809,0.0207737775389575,481.354110693176
Buche,site_700,1998,1,19.2020482184766,1.22893108598251,11.8497973117133,0.01235331768722,6.4252186899936,2.48773202474931,0.653296351610839,0.021612972050352,484.531683379561
Buche,site_700,1998,1,21.2066588908917,1.32435584773619,12.6116000424133,0.0166366238999046,6.88156081009437,2.59039338352243,0.673735552963631,0.0368465698229244,477.679991517336
Buche,site_700,1999,1,19.3153771863934,1.25120721107415,8.510569803627,0.0230711449726365,4.65822513145187,2.02489537504024,0.639982830775834,0.013123725721644,518.832492756734
Buche,site_700,1999,1,19.3029490616622,1.28686327077748,11.8144772117962,0.0273780160857909,5.60857908847185,2.85469168900804,0.678713136729223,0.0227774798927614,495.335120643432
Buche,site_700,1999,1,16.1290322580645,1.01505376344086,12.6064516129032,0.0362043010752688,5.46881720430107,2.74408602150538,0.605806451612903,0.0206344086021505,501.720430107527
Buche,site_700,1999,1,21.5308429325008,1.39627516417268,12.8356120142104,0.0272472817310798,6.26439875121111,2.6052319948326,0.781892561093767,0.0393153191947465,506.297771557756
Buche,site_700,2000,1,18.3387270765912,1.22437971952535,12.42071197411,0.0216936353829558,6.52642934196332,2.3042071197411,0.672384034519957,0.0293311758360302,503.775620280475
Buche,site_700,2000,1,16.1463939720129,1.14208826695371,14.4111948331539,0.0211840688912809,3.86114101184069,2.90204520990312,0.520236813778256,0.0197954790096878,498.385360602799
Buche,site_700,2000,1,16.1290322580645,1.0741935483871,12.7666666666667,0.0204516129032258,5.40752688172043,2.84193548387097,0.593870967741935,0.0169247311827957,501.075268817204
Buche,site_700,2000,1,17.2228202368138,1.03229278794403,8.55435952637244,0.0203875134553283,6.29924650161464,1.58665231431647,0.609149623250807,0.0124219590958019,520.990312163617
Buche,site_700,2000,1,18.3783783783784,1.17945945945946,14.0378378378378,0.0107243243243243,5.01513513513513,2.99459459459459,0.846702702702703,0.0193837837837838,499.459459459459
Buche,site_700,2001,1,21.4868929952729,1.47400085947572,12.5268586162441,0.0175118177911474,6.42565535023636,2.17877094972067,0.688654920498496,0.0299204984959175,506.553502363558
Buche,site_700,2001,1,16.1013310433663,1.03799914126234,9.81000429368828,0.0389437526835552,4.54808930871619,1.35895234006011,0.411227994847574,0.00805066552168313,532.095319879777
Buche,site_700,2001,1,19.2225544639043,1.28897906877403,11.2569414780009,0.023771892353695,4.80029901751388,2.12409226826143,0.619286629645451,0.0165954720205041,507.048269970098
Buche,site_700,2001,1,20.4213241616509,1.32308684436801,14.0756663800516,0.0186801375752365,4.42712811693895,3.00838349097163,0.785361134995701,0.0138865004299226,512.467755803955
Buche,site_700,2002,1,21.3447171824973,1.3863393810032,14.0576307363927,0.0190394877267876,6.28708644610459,2.50373532550694,0.713340448239061,0.030128068303095,501.600853788687
Buche,site_700,2002,1,20.2991452991453,1.28525641025641,13.1773504273504,0.0166773504273504,6.7232905982906,2.62179487179487,0.676495726495727,0.0289102564102564,509.615384615385
Buche,site_700,2002,1,17.0940170940171,1.07799145299145,10.383547008547,0.0119337606837607,4.35576923076923,2.06730769230769,0.561645299145299,0.0170940170940171,503.205128205128
Buche,site_700,2002,1,20.2991452991453,1.24038461538462,13.4807692307692,0.0161965811965812,4.79059829059829,3.36111111111111,0.88707264957265,0.0148931623931624,509.615384615385
Buche,site_700,2003,1,20.1805629314923,1.42326075411577,16.9028146574615,0.0239617631439193,6.25385023898035,3.81200212426978,0.768029739776952,0.0364418481147106,488.58204992034
Buche,site_700,2003,1,19.1123380760246,1.29114461669144,19.0263325546825,0.0226375026544914,4.43193884051816,4.70906774262051,0.631662773412614,0.0137502654491399,487.364620938628
Buche,site_700,2003,1,20.1570125185657,1.38977296838532,16.1744112030554,0.021164863144494,4.49819647782729,3.61340971780182,0.627095268406535,0.0272650116698494,472.098451092722
Buche,site_700,2003,1,19.1652470187394,1.33624361158433,18.7350936967632,0.0341247870528109,5.67184838160136,4.51022146507666,0.72795996592845,0.0263096252129472,482.32538330494
Buche,site_700,2006,1,20.3753351206434,1.33190348525469,12.1104557640751,0.0281179624664879,7.07774798927614,2.93083109919571,0.859517426273459,0.0268954423592493,508.310991957105
Buche,site_700,2006,1,18.2090831191088,1.25214224507284,10.9575835475578,0.0288988860325621,5.66945158526135,3.26371036846615,0.659168808911739,0.0184340188517566,506.640959725793
Buche,site_700,2006,1,18.2032337509369,1.33418995609808,14.605418138987,0.0343184495127958,5.36031695042296,3.40293393296927,0.642252917871292,0.0286219081272085,501.124317378734
Buche,site_700,2006,1,20.4851752021563,1.36819407008086,15.44474393531,0.0224797843665768,5.30134770889488,4.74285714285714,0.778975741239892,0.011277628032345,512.129380053908
Buche,site_700,2007,1,20.8730663276118,1.56600974782793,13.0356007628735,0.0276541640178004,,2.62343716889171,0.913329095147277,0.0301229073956347,503.92032210214
Buche,site_700,2007,1,22.6186683657216,1.76595518742699,16.1654454709568,0.0283529786556228,6.35021769140915,4.16162259743018,0.747584156313051,0.012360624402676,507.380269724966
Buche,site_700,2007,1,20.1420544895579,1.45234813951023,13.7421817025337,0.0232163680695431,6.40199300328633,2.81140676348988,0.744195907982614,0.0217534188487226,507.685783949963
Buche,site_700,2007,1,21.5865589111017,1.48234793704806,14.4587409612931,0.02190557209698,5.66567418119949,4.44917056571672,0.82092726499362,0.013717566992769,510.740110591238
Buche,site_700,2008,1,16.5904498564288,1.03764755928959,8.43028820589174,0.0310007444432628,5.7736892481123,2.11953631819632,0.644687865574817,0.0224502818249495,522.173774327342
Buche,site_700,2008,1,17.6869307350138,1.184071171362,10.9722516416014,0.0335204405846219,6.1851302690108,2.52806608769329,0.648591400127092,0.0223151874602838,506.778224952341
Buche,site_700,2008,1,19.4577352472089,1.20999468367889,10.4263689526847,,7.64805954279639,2.15948963317384,0.602020202020202,0.0153429027113238,511.642743221691
Buche,site_700,2008,1,18.759326369644,1.19484118524835,12.4920059688766,0.0227456832231933,3.90428480068216,3.44382860797271,0.677360903858452,0.0125985930505223,508.953314858239
Buche,site_700,2011,1,16.5657852819369,1.1670383349262,12.4657534246575,0.048348731018371,5.66634809387278,3.43209089943719,0.532016565785282,0.0258043963045556,478.921100138048
Buche,site_700,2011,1,15.8153451592221,1.06539858944219,19.7029279760633,0.0412481299422954,4.41547339175037,,0.675357982474888,0.00801453301987604,505.449882453516
Buche,site_700,2011,1,19.9084424571489,1.29458107101033,12.4582135632918,0.0427765357180879,5.97146811455339,2.3730437559885,0.659001384009369,0.0213989140849569,509.954221228574
Buche,site_700,2011,1,20.6426899340285,1.28537986805703,14.1040646946159,0.0327516492870824,4.36475845924665,3.75186209831879,0.643753990210683,0.0139391359863801,503.298574164716
Buche,site_700,2014,1,17.0323928944619,1.26541274817137,9.53291536050157,0.0215987460815047,4.60501567398119,2.31034482758621,0.787251828631139,0.0400626959247649,493.312434691745
Buche,site_700,2014,1,20.1047120418848,1.3979057591623,14.6931937172775,0.0201256544502618,6.23560209424084,2.63874345549738,0.872565445026178,0.0427748691099476,490.052356020942
Buche,site_700,2014,1,20.2282157676349,1.33402489626556,11.1504149377593,0.0154149377593361,4.7603734439834,3.03008298755187,0.788485477178423,0.0119605809128631,475.311203319502
Buche,site_700,2014,1,18.7042842215256,1.29362591431557,17.3270637408568,0.0153605015673981,4.29989550679206,3.71473354231975,0.886729362591432,0.015496342737722,489.132706374086
Buche,site_700,2015,1,19.8738170347003,1.27024185068349,14.1777076761304,0.0258359621451104,6.11251314405889,3.14511041009464,0.910304942166141,0.0472975814931651,500.420609884332
Buche,site_700,2015,1,18.5381355932203,1.30190677966102,13.6864406779661,0.0224258474576271,4.04025423728813,2.92055084745763,0.70614406779661,0.0254237288135593,512.28813559322
Buche,site_700,2015,1,18.9926547743966,1.26757607555089,10.6442812172088,0.0216998950682057,3.55299055613851,2.67681007345226,0.625183630640084,0.0134837355718783,529.695697796432
Buche,site_700,2015,1,17.3361522198731,1.16596194503171,19.7145877378436,0.0174735729386892,3.81289640591966,4.37632135306554,0.782029598308668,0.0164164904862579,505.285412262157
Buche,site_700,2016,1,20.8907741251326,1.51325556733828,13.0084835630965,0.0413679745493107,6.54931071049841,3.14209968186638,1.09363732767762,0.0472216330858961,506.7868504772
Buche,site_700,2016,1,20.3157894736842,1.40631578947368,12.6757894736842,0.0330631578947368,7.21578947368421,3.33578947368421,0.774210526315789,0.0277684210526316,507.684210526316
Buche,site_700,2016,1,22.962962962963,1.53333333333333,12.0084656084656,0.0319470899470899,4.42645502645503,3.36402116402116,0.786455026455026,0.015005291005291,515.978835978836
Buche,site_700,2016,1,19.8724760892667,1.30605738575983,17.807651434644,0.0338682252922423,4.7066950053135,4.85441020191286,0.846333687566419,0.0172369819341127,508.395324123273
Buche,site_700,2017,1,18.0952380952381,1.14814814814815,12.168253968254,0.0265714285714286,6.01375661375661,3.02962962962963,0.718941798941799,0.0274497354497354,502.433862433862
Buche,site_700,2017,1,19.5560253699789,1.40274841437632,12.5211416490486,0.0275475687103594,7.58033826638478,3.22938689217759,0.853594080338266,0.0423150105708245,495.243128964059
Buche,site_700,2017,1,22.2929936305732,1.46602972399151,12.6985138004246,0.0160191082802548,4.85244161358811,3.42144373673036,0.737791932059448,0.0138216560509554,507.112526539278
Buche,site_700,2017,1,18.6170212765957,1.11276595744681,19.3340425531915,0.0167872340425532,4.59042553191489,4.76595744680851,0.774042553191489,0.0208510638297872,485.63829787234
Buche,site_700,2018,1,,1.3972602739726,13.5742887249737,0.020231822971549,6.09905163329821,3.02845100105374,0.865648050579557,0.0488935721812434,541.622760800843
Buche,site_700,2018,1,17.4920969441517,1.30663856691254,18.3603793466807,0.0227608008429926,5.28556375131718,3.70495258166491,0.663013698630137,0.0367755532139094,531.085353003161
Buche,site_700,2018,1,22.3044397463002,1.37103594080338,13.431289640592,0.016384778012685,4.87737843551797,3.47780126849894,0.626744186046512,0.0144820295983087,538.054968287527
Buche,site_700,2018,1,19.3650793650794,1.3005291005291,,0.0171428571428571,4.07089947089947,,0.86994708994709,0.0162962962962963,523.809523809524
Buche,site_700,2019,1,18.8858695652174,1.28239966555184,15.6772575250836,0.0255016722408027,6.91576086956522,2.18959030100334,0.780727424749164,0.0379389632107023,540.342809364548
Buche,site_700,2019,1,22.7215719063545,1.25627090301003,13.1772575250836,0.0273829431438127,6.83423913043478,2.88357023411371,1.01902173913043,0.0458821070234114,542.433110367893
Buche,site_700,2019,1,23.7227805695142,1.33061139028476,12.4131072026801,0.0278475711892797,4.43048576214405,3.27051926298158,0.77784757118928,0.016750418760469,
Buche,site_700,2019,1,19.7984463573378,1.1988242704178,14.6178878857863,0.0271887465882847,6.6124291412975,3.16187276926307,0.899643082091119,0.0149065714885576,
Buche,site_700,2020,1,19.7544046983449,1.71489588894821,17.7832354511479,0.0320341697810998,4.62039508809397,,1.06994127068873,0.0528563801388147,536.038441003737
Buche,site_700,2020,1,16.7110164981373,1.69771154869611,,0.0382118147951038,4.26290580095796,4.88557743480575,0.714209686003193,0.0375731772219266,522.618414050027
Buche,site_700,2020,1,19.4465220643231,1.47772197884389,18.3705524094455,0.0356875734587029,5.14157495458917,,0.869751041777968,0.0169889945506999,538.519072550486
Buche,site_700,2020,1,16.3934426229508,1.44347455822866,,0.0369384713647009,3.78326591441346,,0.730253353204173,0.0146902278049819,523.738556525442
Buche,site_700,2021,1,20.2553011921089,1.39149699335373,16.7908007173753,0.0258466082920139,5.83816858318388,3.62063508808946,0.966346661040194,0.0539086401519148,
Buche,site_700,2021,1,20.3586497890295,1.41033755274262,17.1002109704641,0.020042194092827,5.76476793248945,3.71518987341772,0.860759493670886,0.0437763713080169,531.645569620253
Buche,site_700,2021,1,19.9321458863444,1.29134860050891,12.4321458863444,0.0152671755725191,7.02290076335878,3.41391009329941,0.703986429177269,0.011980491942324,
Buche,site_700,2021,1,19.9556541019956,1.31242740998839,,0.019533312216239,5.28666455495724,4.18012881427516,0.751768556646605,0.0272410516312955,530.039066624433
Buche,site_2900,2011,1,22.2080544044204,1.58644139836362,17.4519179683349,0.0322388694081394,4.93571352672405,3.75836786738923,0.839443204760387,,503.665922856232
Buche,site_2900,2011,1,25.3392705682782,1.57760814249364,8.20080576759966,0.0292408821034775,8.06297709923664,1.84054283290925,0.934054283290925,0.101569126378287,503.604749787956
Buche,site_2900,2014,1,21.4953271028037,1.35617860851506,12.4942886812046,0.0127933541017653,5.43198338525441,2.57840083073728,0.860539979231568,,488.058151609553
Buche,site_2900,2014,1,21.7078189300411,1.4537037037037,8.54320987654321,0.0174794238683128,6.75205761316872,1.96810699588477,0.973148148148148,0.123559670781893,490.432098765432
Buche,site_2900,2015,1,20.9129511677282,1.27494692144374,12.6295116772824,0.0292144373673036,7.85668789808917,2.4203821656051,0.678131634819533,,510.72186836518
Buche,site_2900,2015,1,19.3446088794926,1.23044397463002,6.46934460887949,0.0202114164904863,7.18710359408034,1.28646934460888,0.790274841437632,0.0679915433403805,519.873150105708
Buche,site_2900,2016,1,20.7627118644068,1.65995762711864,15.6800847457627,0.0379555084745763,6.65254237288135,4.17266949152542,1.02775423728814,,514.194915254237
Buche,site_2900,2016,1,24.6822033898305,1.58050847457627,13.1896186440678,0.0285275423728814,6.09533898305085,3.16419491525424,1.06302966101695,0.123167372881356,494.067796610169
Buche,site_2900,2017,1,25.0793650793651,1.8021164021164,16.1555555555556,0.0167301587301587,5.00634920634921,3.79153439153439,0.863174603174603,,507.724867724868
Buche,site_2900,2017,1,23.8743455497382,1.60628272251309,7.63664921465969,0.0233926701570681,6.59581151832461,2.34973821989529,0.953612565445026,0.0653717277486911,
Buche,site_2900,2018,1,,1.75184016824395,14.5720294426919,0.0180862250262881,6.20504731861199,2.62355415352261,0.769610935856993,,534.174553101998
Buche,site_2900,2018,1,,1.84210526315789,9.90736842105263,0.0245263157894737,7.73789473684211,2.54210526315789,1.01442105263158,0.094,524.210526315789
Buche,site_2900,2019,1,24.2625368731563,1.60450906026127,15.5004214075011,0.0207543194268858,7.24083438685209,2.81605562579014,0.774336283185841,,
Buche,site_2900,2019,1,19.7922132437821,1.41253017105677,6.79084898730192,0.0192045335292266,8.42795676356386,1.60772379053416,0.825899884562913,0.0802812467205373,
Buche,site_2900,2020,1,19.7207120776037,1.67252958106812,,0.0333653128664322,5.56443875919412,5.02611661869737,0.746189105639058,,532.992218313613
Buche,site_2900,2020,1,19.3107863010776,1.56193321241865,12.9809025925531,0.0270991144777552,6.38749599914648,3.3639176357623,0.790568654646325,,539.848501013549
Buche,site_2900,2021,1,25.0368188512518,1.64422470018935,14.5665895224069,0.0138859667578372,6.96191878813381,2.26067746686303,0.835261939827477,,
Buche,site_2900,2021,1,25.8838383838384,1.60248316498316,8.36700336700337,0.0151515151515152,8.31860269360269,1.28893097643098,0.899621212121212,0.0738636363636364,538.720538720539
Fichte,site_300,1992,1,10.5943426210404,0.953490835893633,6.93293781120881,,3.36900095349084,1.75548257230639,1.05943426210404,0.369742557474309,529.717131052018
Fichte,site_300,1992,1,12.5997480050399,,5.79063418731625,0.0115497690046199,5.07454850902982,1.72406551868963,1.07517849643007,0.425241495170097,521.839563208736
Fichte,site_300,1992,1,11.6785221361079,1.06168383055526,6.80964008918144,,5.00796262872916,1.84732986516615,1.18377747106912,0.357787450897123,538.273702091517
Fichte,site_300,1992,1,10.4690117252931,,6.89384422110553,0.0177973199329983,5.48052763819096,1.76612227805695,0.918132328308208,0.630234505862647,515.075376884422
Fichte,site_300,1992,1,11.596036263968,1.05418511490618,6.44212523719165,,,1.49483449293696,1.08686485346827,0.365802234872444,528.146742567995
Fichte,site_300,1992,1,12.6542233470421,,5.92323104502794,0.0105451861225351,5.26099335653274,2.12907307813983,1.08088157755984,0.390171886533797,518.823157228725
Fichte,site_300,1993,1,13.8859218115787,0.854518265327921,5.27878658406323,0.00534073915829951,2.51548814355907,1.96432386242256,1.10425122837001,0.153065584276864,521.256141850032
Fichte,site_300,1993,1,12.7931769722814,0.959488272921109,5.28144989339019,0.00533049040511727,3.91471215351812,1.73454157782516,1.17484008528785,0.373550106609808,519.189765458422
Fichte,site_300,1993,1,13.9216106232598,0.856714499892911,6.50674662668666,0.00535446562433069,4.76440351252945,1.72949239665881,1.13236239023345,0.494506318269437,511.886913686014
Fichte,site_300,1993,1,12.7959053103007,0.853060354020047,5.25485178076349,0.00533162721262529,4.0808274685434,1.61335039454041,1.06035402004692,0.518820644060567,485.178076348902
Fichte,site_300,1993,1,13.8977977335899,1.0690613641223,4.70493906350224,0.0112251443232842,4.8032927090015,1.64956168484071,1.37630960017105,0.229377806286081,521.701945691683
Fichte,site_300,1993,1,14.9989286479537,1.07135204628241,5.66745232483394,0.0162845511034926,5.46068137990144,2.04735376044568,1.27126633811871,0.353214056138847,515.320334261838
Fichte,site_300,1994,1,13.8150903294368,0.850159404888417,4.05207226354942,0.0137300743889479,4.16046758767269,1.8182784272051,1.02337938363443,0.154091392136026,509.139213602551
Fichte,site_300,1994,1,12.7253446447508,1.06044538706257,3.93425238600212,0.0146765641569459,5.01378579003181,1.71686108165429,1.08907741251326,0.241781548250265,512.407211028632
Fichte,site_300,1994,1,12.8617363344051,0.7502679528403,4.92818863879957,0.00838156484458735,6.57020364415863,1.62915326902465,1.09324758842444,0.262593783494105,506.109324758842
Fichte,site_300,1994,1,11.5546218487395,0.735294117647059,4.78046218487395,0.0158928571428571,5.45588235294118,1.60819327731092,0.95063025210084,0.523109243697479,495.168067226891
Fichte,site_300,1994,1,12.7659574468085,0.851063829787234,3.77872340425532,0.0123936170212766,6.55957446808511,1.55,1.33404255319149,0.204255319148936,491.382978723404
Fichte,site_300,1994,1,11.7773019271949,0.856531049250535,4.91755888650964,0.0101927194860814,6.5492505353319,2.19271948608137,1.13811563169165,0.341541755888651,504.496788008565
Fichte,site_300,1995,1,11.0741971207087,0.8859357696567,5.16168327796235,,5.64119601328904,1.97120708748616,1.09545957918051,0.150719822812846,510.520487264673
Fichte,site_300,1995,1,12.1412803532009,0.993377483443709,4.84437086092715,,2.82229580573951,1.7924944812362,1.139293598234,0.0831677704194261,524.282560706402
Fichte,site_300,1995,1,12.1412803532009,0.772626931567329,3.60154525386313,,4.77373068432671,1.57615894039735,1.19878587196468,0.108487858719647,528.697571743929
Fichte,site_300,1995,1,11.9825708061002,0.980392156862745,6.17538126361656,,4.46187363834423,1.76579520697168,1.0041394335512,0.278747276688453,517.429193899782
Fichte,site_300,1995,1,13.172338090011,0.878155872667398,5.40834248079034,,3.93743139407245,1.67508232711306,0.810208562019759,0.11417124039517,543.358946212953
Fichte,site_300,1995,1,12.2494432071269,0.779510022271715,,,3.35634743875278,2.58463251670379,0.828062360801782,0.223552338530067,
Fichte,site_300,1996,1,12.4183006535948,0.925925925925926,4.01633986928105,,4.7363834422658,1.66013071895425,0.903921568627451,0.354193899782135,519.825708061002
Fichte,site_300,1996,1,12.6486486486486,1.07675675675676,3.61513513513514,0.00833513513513514,3.07675675675676,1.49621621621622,1.08681081081081,0.491308108108108,516.540540540541
Fichte,site_300,1996,1,11.6504854368932,0.919093851132686,4.01078748651564,0.00795037756202805,3.84897518878101,1.48867313915858,1.01790722761597,0.190679611650485,525.242718446602
Fichte,site_300,1996,1,11.3390928725702,1.02699784017279,2.81641468682505,0.00619870410367171,4.36393088552916,1.44060475161987,0.944384449244061,0.29414686825054,520.410367170626
Fichte,site_300,1996,1,12.3376623376623,1.0995670995671,4.74242424242424,,3.75865800865801,1.66125541125541,0.998160173160173,0.293225108225108,514.069264069264
Fichte,site_300,1996,1,15.0375939849624,0.992481203007519,7.05048335123523,0.0082062298603652,3.09667024704619,1.9484425349087,1.03984962406015,0.447175080558539,510.633727175081
Fichte,site_300,1997,1,13.3051742344245,0.913410770855333,4.76451953537487,0.00648363252375924,3.53748680042239,1.7286166842661,1.26979936642027,0.582798310454065,485.744456177402
Fichte,site_300,1997,1,12.1276595744681,0.782978723404255,5.40106382978723,0.00526595744680851,4.42127659574468,1.97765957446809,0.962446808510638,0.407425531914894,
Fichte,site_300,1997,1,11.6648992576882,0.833510074231177,,0.012661717921527,3.75397667020148,2.12089077412513,0.940084835630965,0.434782608695652,474.019088016967
Fichte,site_300,1997,1,12.9511677282378,0.873673036093418,5.33757961783439,0.00821656050955414,5.51167728237792,1.79511677282378,1.04957537154989,0.48947983014862,475.583864118896
Fichte,site_300,1997,1,14.4067796610169,0.936440677966102,7.38983050847458,0.0067478813559322,3.19173728813559,2.06567796610169,1.16016949152542,0.402330508474576,475.635593220339
Fichte,site_300,1997,1,12.3011664899258,0.778366914103924,4.62460233297985,0.0202332979851538,2.99469777306469,1.6542948038176,0.962460233297985,0.332481442205726,
Fichte,site_300,1998,1,13.0476291503129,0.888936034793678,4.25798239100456,0.00530391428874509,3.9471730136841,1.44478625225416,1.10045613662883,0.513747745836427,513.418903150525
Fichte,site_300,1998,1,12.7822752449936,0.818065615679591,4.32893054963784,0.00532594801874734,4.95100127822752,1.78312739667661,1.05283340434597,0.322230507030251,479.015764806136
Fichte,site_300,1998,1,13.2191201353638,0.846023688663283,6.24788494077834,0.00528764805414552,4.13811336717428,1.80626057529611,1.16592639593909,0.279050338409476,506.768189509306
Fichte,site_300,1998,1,13.7522479636094,0.864275891251454,4.49486935364435,0.00528932613984978,2.90278218554956,1.6301703163017,1.07161747593357,0.276674071723262,504.601713741669
Fichte,site_300,1998,1,13.580376881777,0.84851036951258,4.00673755132119,0.00526371196968102,5.46794399410464,1.55805874302558,1.04568901989683,0.432792925571113,479.418886198547
Fichte,site_300,1998,1,14.8022837809262,0.889194332839924,5.99809684922817,0.00528652992175936,2.78177204482977,1.78050327764855,1.13575808839078,0.319687037428632,491.541552125185
Fichte,site_300,1999,1,13.2701421800948,0.824644549763033,4.16429699842022,0.00789889415481832,3.47446024223275,1.52395997893628,1.03138493944181,0.470352817272249,514.375987361769
Fichte,site_300,1999,1,12.9897785349233,0.768739352640545,5.44293015332198,0.0079855195911414,4.7795996592845,1.98573253833049,0.953790459965928,0.431047700170358,515.119250425894
Fichte,site_300,1999,1,12.6273344651952,0.771434634974533,5.84783531409168,0.00795840407470289,4.36014431239389,1.68505942275042,1.06939728353141,0.327928692699491,509.974533106961
Fichte,site_300,1999,1,13.4609317488695,0.851824587233148,4.52308339467872,0.00788726469660322,6.40551056893469,1.80355452728994,1.09958986223578,0.489672941423914,513.829004101378
Fichte,site_300,1999,1,13.4633732640729,0.789780557616877,6.01399342732959,0.00795081098272024,2.91211703593767,1.913495176508,1.13473974345383,0.374769426481501,517.120746316124
Fichte,site_300,2000,1,13.8888888888889,0.865384615384615,5.00854700854701,0.00801282051282051,4.89529914529915,2.06730769230769,0.920192307692308,0.374508547008547,491.452991452992
Fichte,site_300,2000,1,12.9589632829374,0.93304535637149,4.59719222462203,0.00809935205183585,4.99784017278618,1.98056155507559,1.09071274298056,0.488693304535637,524.838012958963
Fichte,site_300,2000,1,13.9634801288937,0.932330827067669,5.52738990332975,0.012610096670247,3.22986036519871,1.99248120300752,0.881417830290011,0.349237379162191,518.796992481203
Fichte,site_300,2000,1,15.0862068965517,1.04633620689655,6.34913793103448,0.0157004310344828,2.9375,2.22737068965517,1.24935344827586,0.442144396551724,521.551724137931
Fichte,site_300,2001,1,11.7170856412441,0.78078397954836,6.74584576054538,0.00798892202812101,4.14571793779293,2.13783553472518,0.838730293992331,0.483745206646783,508.308478909246
Fichte,site_300,2001,1,13.9201199271871,0.935860370489346,4.85383874076453,0.008030838419531,5.61087910911232,2.04732840775244,1.20259128386337,0.483113823749866,515.57982653389
Fichte,site_300,2001,1,12.8287363694676,0.908702159503955,3.75026726534103,0.00801796023091725,3.09279452640582,1.73722471669874,1.09514646140688,0.195028864656831,519.991447509087
Fichte,site_300,2001,1,13.8577976761539,0.886899051273851,,0.0158511885726468,2.48800767508794,2.52211917706001,1.1775930071421,0.552414454748961,512.312120243044
Fichte,site_300,2002,1,10.5485232067511,0.665611814345992,4.93037974683544,0.00791139240506329,5.2289029535865,2.06012658227848,0.792827004219409,0.31665611814346,506.329113924051
Fichte,site_300,2002,1,11.6402116402116,0.708994708994709,4.7989417989418,0.0124867724867725,4.75026455026455,2.0010582010582,0.904656084656084,0.389333333333333,496.296296296296
Fichte,site_300,2002,1,12.7118644067797,0.73093220338983,5.24046610169492,0.0132309322033898,2.56567796610169,1.72775423728814,0.900423728813559,0.391938559322034,501.059322033898
Fichte,site_300,2002,1,12.6984126984127,0.783068783068783,4.16931216931217,0.00793650793650794,4.02539682539683,1.9957671957672,0.897883597883598,0.316349206349206,512.169312169312
Fichte,site_300,2003,1,10.4679158379567,0.624934575526013,7.8990892913221,0.00741128441327332,5.02564639380299,2.29247356851251,0.71244635193133,0.47627970271119,
Fichte,site_300,2003,1,10.4373238701597,0.717044149879971,5.06732073896253,0.0151132449639912,4.06638137981422,1.63135372090596,0.712869220331907,0.442605156037992,
Fichte,site_300,2003,1,11.5509818334558,0.700409534810459,7.42518114039693,0.00945080331828205,2.77538590780216,2.13483146067416,0.690223669011866,0.44313766670167,478.840701459624
Fichte,site_300,2003,1,11.5509818334558,0.734012391053239,8.94886065315552,0.0111624488081487,2.11908012181035,2.57796912737583,0.97437782211488,0.549721726346739,489.341594035493
Fichte,site_300,2004,1,12.2725349132459,0.910918324164198,5.64748201438849,0.0105797714769361,5.64748201438849,2.17308506136267,1.02708421498096,0.291451544646636,525.814642403724
Fichte,site_300,2004,1,10.8902516388243,0.955804609854092,5.5910340452527,0.00714738845421865,3.8707972087122,1.95707337703531,0.998625502220343,0.289014590822584,522.62634806513
Fichte,site_300,2006,1,10.51745898191,0.663651661758519,5.20403870424905,0.00394404711821624,5.89608750525873,2.125578460244,0.808056373580143,0.247055111485065,522.717711400926
Fichte,site_300,2006,1,12.6542233470421,0.782452810292102,5.10808815775598,0.00395444479595065,5.78930718127175,1.95191395128124,0.915322155436043,0.274491194769588,521.986713065486
Fichte,site_300,2006,1,12.6809679805559,0.780936278135898,4.75747648737187,0.00582267779773856,3.14699355384128,2.17901299799218,0.857339110218747,0.221230053894114,
Fichte,site_300,2006,1,10.5741778576716,0.610130062387649,4.76578196045258,0.00396531669662684,5.43512741884319,1.84413661837792,0.782066194353389,0.263931479327482,520.249550597441
Fichte,site_300,2007,1,11.6739628934751,0.717114863456327,5.06045445069835,0.0106316447779862,3.07900771315405,1.81780279341255,0.720241817802793,0.36543673129039,503.960808838858
Fichte,site_300,2007,1,14.4942758113644,0.742569057872072,6.39743724398698,0.0197458250183804,3.79792038651402,2.26131708854112,0.829744774708539,0.373700241571264,507.929839302594
Fichte,site_300,2007,1,13.5789473684211,0.848421052631579,8.1578947368421,0.016,6.75578947368421,2.56,1.02421052631579,0.421578947368421,510.947368421053
Fichte,site_300,2007,1,12.49343832021,0.76745406824147,5.21889763779528,,4.42309711286089,1.85196850393701,0.838845144356955,0.241154855643045,512.020997375328
Fichte,site_300,2008,1,11.9399830938292,0.74429416737109,4.38186813186813,0.01458157227388,6.3905325443787,1.66208791208791,0.858410819949281,0.285819949281488,502.324598478445
Fichte,site_300,2008,1,13.8492441061423,0.896606406596892,5.71307749233534,0.011946294534306,3.44645311343694,1.89132043556401,0.94291151284491,0.272227508193255,488.318004017338
Fichte,site_300,2008,1,11.8081180811808,0.701423299947285,4.78123352662098,0.0188719030047443,4.26884554559831,1.85767000527148,0.788719030047443,0.339694254085398,
Fichte,site_300,2008,1,11.0779718789945,0.687153813378781,6.26331487004687,0.018065615679591,4.18512995313166,1.8086919471666,0.72997443544951,0.337239028547081,516.616957818492
Fichte,site_300,2011,1,11.812669872465,0.751620321973657,5.11708132970939,0.0132552791135271,3.91177085511185,1.74053941041188,0.90633493623249,0.290194438636839,512.23081747857
Fichte,site_300,2011,1,12.906610703043,0.717733473242393,7.00419727177335,0.0112277019937041,2.20461699895068,2.55613850996852,0.796432318992655,0.432843651626443,500.524658971668
Fichte,site_300,2011,1,12.0570350178234,0.772698678968337,4.24093101279094,0.0128433633885511,2.98070874397148,1.65338645418327,0.918431537009855,0.361291675403649,502.201719438037
Fichte,site_300,2011,1,10.4573782613288,0.636949403190029,6.10224992077744,,4.17872610119362,1.80310552445336,0.669694729058836,0.443329460230274,505.968099714799
Fichte,site_700,1993,1,10.5909764880322,0.953187883922898,3.93242957000635,0.0052954882440161,3.98220715950011,2.0408811692438,0.912624443973734,0.0192014403728024,505.189578479136
Fichte,site_700,1993,1,11.7170856412441,1.06518960374947,6.94929697486153,0.00532594801874734,3.61099275671069,,1.06423093310609,0.0376438005965062,509.160630592245
Fichte,site_700,1994,1,9.47368421052632,0.736842105263158,3.12421052631579,0.0161368421052632,5.03368421052632,1.75157894736842,0.842105263157895,0.0183157894736842,509.263157894737
Fichte,site_700,1994,1,10.515247108307,0.946372239747634,5.72765509989485,0.0167928496319664,3.82754994742377,2.57728706624606,1.02944269190326,0.0385909568874869,495.89905362776
Fichte,site_700,1995,1,13.1434830230011,,2.70974808324206,,5.35706462212486,1.03176341730559,0.954764512595838,0.14302300109529,491.785323110624
Fichte,site_700,1995,1,14.2857142857143,1.0989010989011,3.45934065934066,,6.86923076923077,1.33956043956044,,0.0883296703296703,546.153846153846
Fichte,site_700,1996,1,10.1293103448276,1.03448275862069,7.22952586206897,0.0075323275862069,2.60021551724138,2.23599137931035,0.783297413793103,0.0692887931034483,515.840517241379
Fichte,site_700,1996,1,11.2068965517241,0.90301724137931,4.33405172413793,,4.74245689655172,1.65301724137931,0.967133620689655,0.0486530172413793,525
Fichte,site_700,1997,1,12.7253446447508,0.731707317073171,5.78366914103924,0.0187698833510074,4.38176033934252,2.05620360551432,0.957900318133616,0.0651113467656416,475.07953340403
Fichte,site_700,1997,1,13.0021141649049,0.829809725158562,8.48837209302325,0.0131183932346723,3.05496828752643,2.18710359408034,0.835200845665962,0.0688372093023256,
Fichte,site_700,1998,1,10.7993647432504,0.682901005823187,4.02011646373743,0.0186871360508205,4.75913181577554,1.59237691900476,0.912228692429857,0.0517628374801482,480.571731074643
Fichte,site_700,1998,1,9.94814266059901,0.779976717112922,6.76685363530532,0.00529156524499947,2.58016721346174,2.0425441845698,0.79902635199492,0.0605672557942639,480.050799026352
Fichte,site_700,1999,1,9.93027678005493,0.938094231988168,7.07796323684767,0.00792309317557574,2.87027255440524,2.3948869638707,0.835305303190366,0.0829178111134587,518.170293682654
Fichte,site_700,1999,1,11.1994975926314,0.654176261251832,4.07891982415742,0.0182436675737911,4.98534645174796,1.69457818714674,0.866338706301026,0.0612832321540716,494.871258111786
Fichte,site_700,2000,1,11.7773019271949,0.790149892933619,3.27301927194861,0.0132869379014989,5.40578158458244,1.78051391862955,0.950214132762312,0.0485117773019272,507.494646680942
Fichte,site_700,2000,1,10.6951871657754,0.947593582887701,7.36042780748663,0.0127379679144385,3.51978609625668,2.63101604278075,0.819572192513369,0.0889090909090909,513.368983957219
Fichte,site_700,2001,1,10.6303816307005,0.717550760072287,4.43074306367599,0.0174763474008717,4.02678856170937,1.81141702987137,0.862549165515042,0.0570851493568619,515.998724354204
Fichte,site_700,2001,1,9.56937799043062,0.778309409888357,7.48538011695906,0.0154704944178628,2.66985645933014,2.16267942583732,0.747687400318979,0.0589686337054758,505.263157894737
Fichte,site_700,2002,1,8.49256900212314,0.636942675159236,7.04140127388535,0.00796178343949045,3.14755838641189,2.1963906581741,0.653927813163482,0.0486942675159236,502.123142250531
Fichte,site_700,2002,1,11.7021276595745,0.662765957446808,4.40957446808511,0.0132659574468085,4.32872340425532,1.89148936170213,0.788297872340426,0.0493191489361702,517.021276595745
Fichte,site_700,2003,1,9.45179584120983,0.701533291325352,6.00084015963033,0.00818105440033606,3.38059231253938,2.05419029615627,0.721802142407057,0.0492123503465658,478.890989287965
Fichte,site_700,2003,1,10.4264414555312,0.699614221666145,3.83693045563549,0.00961317902199979,5.07246376811594,1.5347721822542,0.900740277343343,0.0308205609425503,486.914815973308
Fichte,site_700,2004,1,10.9832083641356,1.01805892913718,7.16971169078044,0.0108353574823107,4.41968528883726,2.43848347238357,1.02407857218291,0.0604076460027458,515.788362023445
Fichte,site_700,2004,1,10.6271043771044,0.794402356902357,3.6026936026936,0.00942760942760943,6.93076599326599,1.53198653198653,1.04534932659933,0.0358585858585859,513.994107744108
Fichte,site_700,2006,1,9.4776748104465,0.696082561078349,7.07982308340354,0.00394903117101938,4.14595619208088,2.08824768323505,0.766638584667228,0.0371208930075821,509.688289806234
Fichte,site_700,2006,1,10.4964836779679,0.66337776844757,3.82911724572268,0.00764144011756062,5.78251285819251,1.69413246562402,0.934187047339141,0.0279206465833946,504.880864910255
Fichte,site_700,2007,1,10.4646295521139,0.656132272917539,5.45311845960653,0.0220803683549602,5.0272080368355,2.16408539137715,0.914608622854751,0.0577647551276685,506.697362913353
Fichte,site_700,2007,1,9.24078546676468,0.665756589310091,9.20508243200672,,2.03717315971858,2.85204242360601,0.658405964506983,0.0853722566418145,503.727816864433
Fichte,site_700,2008,1,10.6742760515747,0.872965546396111,7.1993236102304,0.0200803212851406,4.40604523356584,2.26907630522088,0.946205876136123,0.0603043753963221,505.072923272035
Fichte,site_700,2008,1,10.0010527423939,0.753658279818928,3.41720181071692,0.0157700810611643,5.89535740604274,1.63911990735867,0.894304663648805,0.0236340667438678,490.367407095484
Fichte,site_700,2011,1,10.6663850459394,0.920899778223677,5.86123138663006,0.0162635970007393,3.78287041926286,2.91583060513254,1.02967578413771,0.0651599957756891,509.029464568592
Fichte,site_700,2011,1,11.4966775656576,0.699293323489083,4.77903174770594,,4.6661744541715,1.81626410716169,0.892310937664803,0.0531589494779032,519.987343107267
Fichte,site_700,2014,1,9.70873786407767,0.5481783067126,3.50454118383965,0.0160141977241883,5.20096043428333,1.3373003445036,0.856352437623969,0.0493579705606013,510.074120471866
Fichte,site_700,2014,1,10.6649937264743,0.801233793391886,7.39962358845671,0.0106231702216646,4.54412379757424,,1.14910079464659,0.0643559180259306,503.4504391468
Fichte,site_700,2015,1,10.3157894736842,0.637684210526316,5.89894736842105,0.0227052631578947,5.46842105263158,1.72842105263158,0.823684210526316,0.0658947368421053,516.842105263158
Fichte,site_700,2015,1,9.54578831427672,0.740795132696947,,0.0222700094408895,4.701562991713,2.96968425469422,0.896989405223959,0.0495122207070177,516.626455470471
Fichte,site_700,2016,1,10.5119310417324,0.693787448754336,3.56144223693893,0.0158730158730159,6.21044885945548,1.39913802165458,0.914643119941133,0.0301692420897719,536.108483128351
Fichte,site_700,2016,1,9.01373021695839,0.640394088669951,5.62834084477518,0.0123676763441987,4.16518184676659,2.65380987317891,0.917304265800231,0.0554449219159417,493.973378052615
Fichte,site_700,2017,1,9.77130977130977,0.83991683991684,5.65488565488566,0.0132640332640333,4.07172557172557,2.84303534303534,0.993555093555094,0.0407380457380457,
Fichte,site_700,2017,1,9.25155925155925,0.634095634095634,3.90852390852391,0.012962577962578,5.3970893970894,1.45218295218295,0.834407484407484,0.050956340956341,507.900207900208
Fichte,site_700,2018,1,11.0294117647059,0.796218487394958,6.91071428571429,0.0115546218487395,4.46848739495798,2.71638655462185,1.04422268907563,0.0397058823529412,539.915966386555
Fichte,site_700,2018,1,13.1164742917104,0.679958027282267,7.03882476390346,0.0111227701993704,4.23294858342078,2.01783840503673,0.871668415529906,0.0661070304302204,539.349422875131
Fichte,site_700,2019,1,8.9452881214895,0.754108591637196,6.74017058456418,0.00940295402537965,5.19242770959018,2.6222175993343,0.92989390472228,0.0512793842313293,527.355939255253
Fichte,site_700,2019,1,,0.706053369328211,3.0225314089918,0.00645831170179628,7.22458727027308,1.18990759007372,0.824421140068529,0.0329145467760357,
Fichte,site_700,2020,1,13.4299722873588,0.877211681944148,8.4640801534854,0.0110850564911533,3.64101470901727,3.02707311873801,1.0594755915583,0.0467917288424643,547.857599658921
Fichte,site_700,2020,1,12.1638924455826,0.805591122492531,7.81476739223218,0.0152582159624413,5.35104566794708,1.87580025608195,0.948570209133589,0.0542040119504908,
Fichte,site_700,2021,1,13.5603910438348,0.80206033848418,4.26048565121413,0.0106170503521497,5.42520761063807,2.11289813938821,1.00599180069379,0.0312204351939451,536.108483128351
Fichte,site_700,2021,1,13.215859030837,0.701699181875393,3.12041116005874,0.0111181036291168,6.64149360184602,1.48311306901615,0.850639815397525,0.0353471785189847,534.927627438641
Fichte,site_2900,2011,1,11.2560488112771,0.71323374710709,5.13044393014938,0.0203029665474437,4.11634756995582,1.56217126025668,0.853145381864086,0.315169366715758,493.372606774669
Fichte,site_2900,2011,1,13.1551252367923,0.777731003999158,5.64197011155546,0.0191538623447695,2.98358240370448,2.45106293411913,1.02083771837508,0.23847611029257,488.318248789729
Fichte,site_2900,2011,1,13.110971260751,0.832808894482903,5.58527375707992,0.0186595342983008,3.96895322005454,2.20683868260961,1.12020138451856,,516.047828823159
Fichte,site_2900,2011,1,13.3473462953232,0.809248554913295,4.98686284813452,0.0238465580662112,4.03152916447714,1.24435102469785,1.26116657908565,0.223016290068313,497.109826589595
Fichte,site_2900,2014,1,13.4242265338228,0.874252753015207,4.69638175144205,0.0148925013109596,4.44467750393288,2.19821709491348,1.19874147876245,0.303513371788149,528.474042999476
Fichte,site_2900,2014,1,12.2308174785699,0.764791971565963,3.68283504076939,0.0166631821032825,4.25987873719423,2.36776081956931,1.27953167468116,0.211478151787581,496.132134643529
Fichte,site_2900,2014,1,14.7705845380264,0.951288497800126,4.7349675256652,0.0120050282840981,4.44060339409177,2.39472030169705,1.34820867379007,,499.371464487744
Fichte,site_2900,2014,1,12.3624934520691,0.779046621267679,5.17443687794657,0.0125091671031954,4.22420115243583,1.68046097433211,1.06966998428497,0.241382922996333,515.557883708748
Fichte,site_2900,2015,1,12.0684227096233,0.820652744254381,5.58715500052471,0.0105152691782978,5.45177878056459,2.07262042187008,1.00556196872704,0.281876377374331,503.410641200546
Fichte,site_2900,2015,1,11.2881105601857,0.738158033547843,6.88996729612828,0.0161303935014242,3.07838379575905,2.26289693005591,0.761156240109716,0.279354362274502,506.699018883848
Fichte,site_2900,2015,1,13.0211067940775,0.84532185235745,4.91546781476425,0.0122755434211908,4.6550456788827,1.9710175364906,1.02247191011236,,507.298120340229
Fichte,site_2900,2015,1,10.9140518417462,0.771539510966523,8.86661769335712,0.0174729772274111,3.32878581173261,1.63500892013852,0.881519571833351,0.28670374645818,504.774897680764
Fichte,site_2900,2016,1,13.0320546505518,0.820809248554913,3.55333683657383,0.00767209668943773,4.37204414083027,1.54808197582764,0.919180241723594,0.252653704676826,531.266421439832
Fichte,site_2900,2016,1,12.5408367583518,0.744019390873643,4.65064811887449,0.0107492886500158,3.63578880809358,2.33322794815049,0.982822215196543,0.21382653598904,527.663610496364
Fichte,site_2900,2016,1,13.1051139346844,0.803318282053974,4.28541426021212,0.00714060695159088,4.22135881549932,1.51107844166754,1.1504777906122,0.2211487976478,528.089887640449
Fichte,site_2900,2016,1,12.7535019862011,0.951285803888773,3.71524148024253,0.0219527493205101,4.8442400167259,1.96529374869329,1.11572234998955,0.600773573071294,486.619276604641
Fichte,site_2900,2017,1,12.6951092611863,0.841831425598335,4.10822060353798,0.00607700312174818,4.34027055150885,1.76690946930281,1.06212278876171,0.285785639958377,502.081165452654
Fichte,site_2900,2017,1,11.9418483904465,0.83073727933541,3.21183800623053,0,6.20560747663551,1.98753894080997,1.14506749740395,0.158681204569055,518.483904465213
Fichte,site_2900,2017,1,12.8125,0.965625,4.62916666666667,0.00390625,5.42291666666667,2.084375,1.2215625,,508.4375
Fichte,site_2900,2017,1,11.6545265348595,0.791883454734651,4.23309053069719,0.00390218522372529,3.83246618106139,1.3267429760666,0.979292403746098,0.201685744016649,513.111342351717
Fichte,site_2900,2018,1,14.2857142857143,0.738445378151261,6.17016806722689,0.0216386554621849,4.11764705882353,2.1218487394958,0.996953781512605,0.298319327731092,
Fichte,site_2900,2018,1,14.3157894736842,0.772631578947368,6.78842105263158,0.0135789473684211,4.24210526315789,2.82105263157895,1.00347368421053,0.212631578947368,524.210526315789
Fichte,site_2900,2018,1,12.8151260504202,0.809873949579832,6.8077731092437,0.00588235294117647,4.07668067226891,1.55987394957983,1.10504201680672,0.235294117647059,
Fichte,site_2900,2018,1,13.0753138075314,0.768828451882845,3.14330543933054,0.0110878661087866,4.68305439330544,1.38702928870293,0.928138075313807,0.494769874476987,530.334728033473
Fichte,site_2900,2019,1,12.4375520399667,0.783721898417985,5.44442131557036,0.0111365528726062,4.33180682764363,2.04308909242298,0.871149042464613,0.311199000832639,540.174854288093
Fichte,site_2900,2019,1,11.6254822229173,0.772599311854864,3.96621832968408,0.00604733604420811,5.2914190386821,2.14888958398499,0.933166510270045,0.156396621832968,542.174955687624
Fichte,site_2900,2019,1,12.1004566210046,0.656911581569116,3.61560813615608,0.00728518057285181,3.8387297633873,1.07409713574097,0.749273557492736,0.129721876297219,532.378580323786
Fichte,site_2900,2019,1,15.3572921019641,0.97367321353949,3.72231508566653,0.00592352695361471,6.00501462599248,2.21479314667781,1.18470539072294,0.547430004178855,
Fichte,site_2900,2020,1,12.9566694987256,0.782710280373832,7.92480883602379,0.0210280373831776,3.29545454545455,2.78674596431606,1.12361937128292,0.454545454545455,536.321155480034
Fichte,site_2900,2020,1,15.0423728813559,0.889830508474576,,0.0135593220338983,3.59639830508475,,1.04131355932203,0.308262711864407,
Fichte,site_2900,2020,1,14.0291210543097,0.893825061111702,8.67786162185142,0.00978850037198427,3.85907110213625,1.96939100860878,1.17228185779573,0.334785843341482,
Fichte,site_2900,2020,1,13.7537029200169,0.978628861616589,5.24650867541261,0.00992382564536606,6.06961489631824,2.46085484553534,1.24312314853999,,544.858231062209
Fichte,site_2900,2021,1,15.6037281390722,0.747722274583726,3.24746046706461,0.0125667609173735,4.53345900094251,1.67870981254582,0.936223688344329,0.21363493559535,544.559639752854
Fichte,site_2900,2021,1,,0.817116551579828,4.0636116342331,0.00900816070307596,5.03871102741159,2.3017367650136,1.0075329566855,0.173676501360117,536.723163841808
Fichte,site_2900,2021,1,8.67148998636888,0.760197126979134,4.04634581105169,0.0105903323896403,5.03512635000524,1.4815979867883,0.979343609101395,0.180350214952291,534.75935828877
Fichte,site_2900,2021,1,9.95828988529719,0.948905109489051,2.59645464025026,0.00773722627737226,5.74973931178311,1.76016684045881,1.12408759124088,0.397288842544317,538.060479666319
Fichte,site_300,1992,2,10.5119310417324,,9.72563859981079,0.0168190896667718,3.42373594029223,1.98044780826238,0.973404814464417,0.425733207190161,521.391779669925
Fichte,site_300,1992,2,9.42408376963351,,5.97486910994764,0.0115183246073298,3.56335078534031,1.45759162303665,0.939267015706806,0.345549738219895,536.125654450262
Fichte,site_300,1992,2,11.5473441108545,1.04975855553223,8.49464623136678,,5.86500104975855,1.93575477640143,1.03401217719924,0.43355028343481,525.929036321646
Fichte,site_300,1992,2,11.4942528735632,0.83594566353187,7.01253918495298,0.0125391849529781,4.96133751306165,1.66353187042842,0.839080459770115,0.521421107628004,518.28631138976
Fichte,site_300,1992,2,11.5400755350399,0.839278220730172,9.46496013428452,0.0167855644146034,3.33613092740243,1.59672681493915,0.861309274024339,0.42488459924465,539.236256819136
Fichte,site_300,1992,2,12.565445026178,,6.42722513089005,0.00523560209424084,4.76020942408377,1.85130890052356,0.979057591623037,0.34869109947644,528.795811518325
Fichte,site_300,1993,2,11.7370892018779,0.853606487409304,8.73452838241571,0.00533504054630815,2.43491250533504,2.53307725138711,0.809752454118651,0.20004268032437,515.364916773368
Fichte,site_300,1993,2,11.7975117975118,0.858000858000858,7.09030459030459,0.00536250536250536,2.67160017160017,1.68060918060918,0.738202488202488,0.418800943800944,518.018018018018
Fichte,site_300,1993,2,13.9335476956056,0.964630225080386,9.26473740621651,0.00535905680600214,4.06109324758842,2.13719185423365,0.877813504823151,0.50459807073955,505.894962486602
Fichte,site_300,1993,2,11.727078891258,0.746268656716418,8.38592750533049,0.00533049040511727,3.55117270788913,1.96481876332623,0.7,0.742697228144989,506.396588486141
Fichte,site_300,1993,2,12.8122998078155,1.06769165065129,7.893444373265,0.00533845825325646,3.93551142430066,1.89194960495409,0.90881913303438,0.30949177877429,511.424300661969
Fichte,site_300,1993,2,13.9156497538,0.856347677156926,8.4810533076429,0.01252408477842,4.22607578676943,2.41704131877542,0.88846071505031,0.425069578248769,523.442517662171
Fichte,site_300,1994,2,12.6182965299685,0.841219768664564,6.84963196635121,0.00867507886435331,3.06309148264984,2.35541535226078,0.874868559411146,0.203995793901157,509.779179810726
Fichte,site_300,1994,2,11.8025751072961,0.858369098712446,6.16630901287554,0.0245815450643777,2.77467811158798,1.9431330472103,0.737124463519313,0.34549356223176,510.622317596567
Fichte,site_300,1994,2,13.8150903294368,0.850159404888417,10.1902231668438,0.0139532412327311,4.87141339001063,2.36450584484591,0.935175345377258,0.527098831030818,498.193411264612
Fichte,site_300,1994,2,12.8755364806867,0.751072961373391,7.46781115879828,0.01,3.39914163090129,1.62231759656652,0.695278969957081,0.685622317596567,498.605150214592
Fichte,site_300,1994,2,13.0861504907306,0.872410032715376,6.05125408942203,0.0120610687022901,4.88331515812432,1.8680479825518,0.977099236641221,0.274809160305343,508.833151581243
Fichte,site_300,1994,2,13.9186295503212,0.856531049250535,7.69379014989293,0.014271948608137,3.86081370449679,2.71413276231263,0.823340471092077,0.452890792291221,507.708779443255
Fichte,site_300,1995,2,7.65864332603939,0.984682713347921,4.65426695842451,,4.72866520787746,1.7855579868709,1.04004376367615,0.12101750547046,
Fichte,site_300,1995,2,12.1145374449339,0.881057268722467,4.01101321585903,,4.38986784140969,1.78854625550661,,0.0870154185022027,515.418502202643
Fichte,site_300,1995,2,11.037527593819,0.883002207505519,7.50331125827815,,3.29028697571744,1.74503311258278,0.847682119205298,0.162075055187638,527.593818984548
Fichte,site_300,1995,2,12.0746432491767,0.878155872667398,10.3984632272228,,2.20856201975851,2.20417124039517,0.650823271130626,0.398452250274424,530.186608122942
Fichte,site_300,1995,2,12.1412803532009,1.1037527593819,8.57284768211921,,3.30794701986755,2.35430463576159,0.892163355408389,0.15962472406181,
Fichte,site_300,1995,2,10.9170305676856,0.873362445414847,12.3165938864629,,2.42794759825328,3.04803493449782,0.723689956331878,0.286048034934498,504.366812227074
Fichte,site_300,1996,2,12.1564482029598,0.936575052854123,7.0169133192389,,3.47251585623679,1.83615221987315,0.654228329809725,0.509725158562368,516.596194503171
Fichte,site_300,1996,2,12.5134843581446,0.992448759439051,4.65695792880259,,2.86839266450917,1.32146709816613,0.668284789644013,0.545868392664509,515.641855447681
Fichte,site_300,1996,2,12.6486486486486,1.04432432432432,6.67243243243243,,4.01405405405405,1.82486486486487,0.857837837837838,0.269362162162162,517.621621621622
Fichte,site_300,1996,2,12.7429805615551,,8.01511879049676,0.00654427645788337,3.12958963282937,1.85961123110151,0.770086393088553,0.360896328293737,525.701943844492
Fichte,site_300,1996,2,11.0032362459547,,4.74433656957929,0.00714131607335491,3.96008629989213,1.71305285868393,0.636569579288026,0.38824163969795,503.344120819849
Fichte,site_300,1996,2,13.5775862068966,0.982758620689655,9.26831896551724,0.00907327586206897,2.94935344827586,1.84159482758621,0.773383620689655,0.482273706896552,509.051724137931
Fichte,site_300,1997,2,12.5,0.913135593220339,6.00423728813559,0.00973516949152542,3.71080508474576,1.94173728813559,0.896927966101695,0.789618644067796,480.93220338983
Fichte,site_300,1997,2,12.407211028632,0.872746553552492,6.94803817603393,0.00812301166489926,5.17073170731707,2.26511134676564,0.847613997879109,0.499204665959703,
Fichte,site_300,1997,2,12.1564482029598,0.929175475687104,12.0285412262156,0.0109302325581395,3.53488372093023,2.4661733615222,0.832980972515856,0.485095137420719,
Fichte,site_300,1997,2,10.8165429480382,0.871686108165429,7.40721102863203,0.00936373276776246,2.86320254506893,2.08695652173913,0.820890774125133,0.444591728525981,
Fichte,site_300,1997,2,12.3940677966102,0.86864406779661,6.91737288135593,0.00770127118644068,4.22775423728813,2.03813559322034,0.822033898305085,0.573326271186441,
Fichte,site_300,1997,2,13.4391534391534,0.978835978835979,10.4962962962963,0.00715343915343915,3.31322751322751,2.3957671957672,0.956931216931217,0.55421164021164,
Fichte,site_300,1998,2,12.9141526410501,0.857415052397587,6.55657880808722,0.0133904943368265,3.62231396210437,1.63332274796232,0.776860378956282,0.716174446914364,489.255848417487
Fichte,site_300,1998,2,11.8236046016191,0.707285896889646,6.91947166595654,0.00532594801874734,4.14358755858543,2.13996591393268,0.702918619514274,0.507339156369834,485.513421389007
Fichte,site_300,1998,2,12.8846768182302,0.87850069215206,10.7815994036844,0.0053242466191034,3.68544350974337,2.41294856777766,0.910978596528591,0.447907571078692,515.706527526355
Fichte,site_300,1998,2,13.000852514919,0.802429667519182,8.14897698209719,0.00532821824381927,2.38704177323103,2.10571184995737,0.799658994032396,0.401598465473146,502.877237851662
Fichte,site_300,1998,2,13.249947000212,0.750476998092008,6.37163451346195,0.0052999788000848,3.7439050243799,1.82849268602926,0.734683061267755,0.476987492050032,494.700021199915
Fichte,site_300,1998,2,13.7952822240944,0.80033698399326,12.6179443976411,0.0052653748946925,2.30939342881213,2.35572872788543,0.839616680707666,0.610256950294861,498.315080033698
Fichte,site_300,1999,2,12.2130974942093,0.824384080859128,5.97178353337545,0.00789639924194567,3.58496525584334,1.61928827121499,0.760897030953885,0.634480943356496,523.689197725837
Fichte,site_300,1999,2,11.4201120862853,0.683091889605583,6.94829227027599,0.00793063339325368,5.16125621232949,1.94987839695464,0.736174262451095,0.525282859257693,530.506503119383
Fichte,site_300,1999,2,12.8475147430497,0.720303285593934,9.23546756529065,0.00789806234203875,4.16807076663858,2.16828138163437,0.865732940185341,0.484382898062342,499.262847514743
Fichte,site_300,1999,2,12.7435492364402,0.783570300157978,6.11479726171669,0.00789889415481832,4.50763559768299,1.88836229594523,0.788730911005792,0.539736703528173,517.535545023697
Fichte,site_300,1999,2,11.5388649952796,0.646176439735655,9.59299276198468,0.00786740795132697,2.60778348893318,2.31196894996329,0.884821147592573,0.53984055386552,519.773418651002
Fichte,site_300,2000,2,12.987012987013,0.915584415584416,6.9978354978355,0.0182792207792208,4.23268398268398,2.22619047619048,0.731818181818182,0.492575757575758,520.562770562771
Fichte,site_300,2000,2,14.0237324703344,1.00539374325782,8.28478964401294,0.0142718446601942,2.94714131607335,2.3042071197411,0.796332254584682,0.369913700107875,521.035598705502
Fichte,site_300,2000,2,12.9449838187702,0.915857605177994,5.83063646170442,0.00809061488673139,3.77777777777778,2.08629989212513,0.680043149946063,0.536850053937433,514.563106796116
Fichte,site_300,2000,2,14.0237324703344,1.03128371089536,10.4325782092772,0.00809061488673139,2.60302049622438,2.49730312837109,0.903344120819849,0.643549083063646,509.169363538296
Fichte,site_300,2001,2,12.7822752449936,0.899020025564551,8.53536429484448,0.00798892202812101,3.81550916063059,2.58201959948871,0.722305070302514,0.587313591819344,519.919045590115
Fichte,site_300,2001,2,13.8799914584668,0.905402519752296,6.23104847320094,0.00800768737988469,3.47106555626735,2.09481101857783,0.855007473841555,0.516880204996797,522.421524663677
Fichte,site_300,2001,2,12.7078259027851,0.840834480567616,11.7017896854813,0.0113629143280737,2.03325214444562,2.79783966959653,0.845599915281161,0.689664301599068,514.349253415228
Fichte,site_300,2001,2,12.779552715655,0.919062832800852,5.98296059637913,0.0114696485623003,2.46006389776358,2.24920127795527,0.807454739084132,0.307188498402556,515.654952076677
Fichte,site_300,2002,2,11.6279069767442,0.691331923890063,7.21353065539112,0.0106448202959831,4.0708245243129,2.2938689217759,0.655496828752643,0.406458773784355,507.399577167019
Fichte,site_300,2002,2,11.6772823779193,0.686836518046709,7.94267515923567,0.00796178343949045,3.77388535031847,2.34394904458599,0.666985138004246,0.500414012738854,508.492569002123
Fichte,site_300,2002,2,12.7388535031847,0.666666666666667,8.34076433121019,0.00796178343949045,1.96072186836518,2.10191082802548,0.684288747346072,0.490870488322718,506.369426751592
Fichte,site_300,2002,2,12.7253446447508,0.811240721102863,8.31813361611877,0.00795334040296925,2.98833510074231,2.63308589607635,0.781442205726405,0.389236479321315,515.376458112407
Fichte,site_300,2003,2,10.4460461715241,0.627807374908597,7.66530868066437,0.0048156272850726,4.74877258957485,2.0589157004074,0.636582053692677,0.465684738326543,
Fichte,site_300,2003,2,10.478885046631,0.706276852142932,5.32851304621188,0.00703133186628943,2.62915225819973,1.56135387194802,0.570470501938594,0.434391700723043,485.172377659017
Fichte,site_300,2003,2,12.5707102451289,0.706054892101404,9.39660590823381,0.00927089880578253,2.35281793421328,2.2438717787555,0.620364550597109,0.469851246595433,
Fichte,site_300,2003,2,10.472300764478,0.688030160226202,11.4556498062624,0.00754005655042413,1.9237616504346,2.87778825007854,0.797675149230286,0.691475547177715,498.481516389151
Fichte,site_300,2004,2,12.1860760835011,0.857263961004556,12.3015788915969,0.0100561619158631,4.14750450354986,2.81551340468369,0.692592985058811,0.59097170711031,513.08678605489
Fichte,site_300,2004,2,13.1926121372032,0.855936675461741,12.3957783641161,0.0100686015831135,2.41477572559367,2.88126649076517,0.693825857519789,0.558353562005277,508.073878627968
Fichte,site_300,2006,2,11.5679882216847,0.680408034493638,7.24997370911768,0.00394363234830161,5.41066358186981,2.29361657377222,0.638027132190556,0.319066147859922,516.352928804291
Fichte,site_300,2006,2,11.5887062789718,0.701643489254109,6.56236831015592,0.00812262958280657,4.03181626632954,2.0385587863464,0.648019384745048,0.30952380952381,510.956595027391
Fichte,site_300,2006,2,10.5340777414937,0.706836616454229,7.65932792584009,0.00615190140103234,3.04750869061414,2.45338670599389,0.649320551985674,0.284736121352576,518.276624881492
Fichte,site_300,2006,2,10.564124234101,0.683498837946334,5.90640185928587,0.00680329600676104,3.82421297274456,1.70293682653708,0.616205366575111,0.262201563490387,532.43186139869
Fichte,site_300,2007,2,12.2474615304093,0.817544226944415,6.36658641264524,0.012561499005548,3.66481733486863,1.98262325970899,0.751596357165288,0.430650057573537,509.892180466869
Fichte,site_300,2007,2,13.6482939632546,0.869291338582677,8.96062992125984,0.0192125984251969,3.28713910761155,2.45354330708661,0.83989501312336,0.341732283464567,509.501312335958
Fichte,site_300,2007,2,14.5885810243493,0.732577665827036,8.38371116708648,0.0209907640638119,3.10453400503778,2.77078085642317,0.706339210747271,0.450776658270361,502.833753148615
Fichte,site_300,2007,2,11.8934848963267,0.795705715187875,8.0917798126513,0.0136827702347121,4.55320492579729,2.51447216082518,0.854646879275866,0.420376802441848,513.735396274076
Fichte,site_300,2008,2,12.6582278481013,0.705485232067511,7.71835443037975,0.0129852320675105,4.33016877637131,2.16244725738397,0.712025316455696,0.397679324894515,509.704641350211
Fichte,site_300,2008,2,13.1244707874682,0.778683319220999,9.1151566469094,0.0119919559695174,2.88950042337003,2.52540220152413,0.684483488569009,0.445279424216765,502.116850127011
Fichte,site_300,2008,2,14.2570493188299,0.84053226317457,10.0517478086387,0.00971908332453269,2.67610096103073,2.4046889851093,0.75752455380716,0.322842961241947,497.307001795332
Fichte,site_300,2008,2,10.667511618082,0.695289395859738,8.86670891423743,0.0241022391212505,2.78939585973806,1.78390367553866,0.615335868187579,0.327207435572455,507.182087029996
Fichte,site_300,2011,2,12.3469708067385,0.774301559066653,6.46646437166475,0.0113947891597782,4.16134770325416,1.79763524118447,0.854870775347913,0.329182797949147,506.435073767919
Fichte,site_300,2011,2,13.5679457282171,0.745177019291923,8.80962476150095,0.0111299554801781,2.36591053635785,2.9001483994064,0.736697053211787,0.459932160271359,513.037947848209
Fichte,site_300,2011,2,11.8393234672304,0.723044397463002,5.74630021141649,0.0135835095137421,2.86892177589852,2.07293868921776,0.723044397463002,0.387420718816068,511.627906976744
Fichte,site_300,2011,2,10.5252078728555,0.599936848752763,6.41721924007999,,3.11967161351437,1.73034417429744,0.598884327965477,0.410904115356278,502.052415535207
Fichte,site_700,1993,2,9.55211207811505,0.955211207811505,5.59223094884313,0.015707917639567,3.05773721078327,2.30948843133093,0.709615792825303,0.00530672893228614,521.120781150499
Fichte,site_700,1993,2,9.61127723195216,0.854335753951303,9.24711661683041,0.00533959846219564,2.37932507475438,3.32016232379325,0.772746689448954,0.0305211448099103,516.873131140538
Fichte,site_700,1994,2,9.50369588173178,0.739176346356917,4.09820485744456,0.0241393875395987,2.94086589229145,1.9324181626188,0.623020063357973,0.0179514255543823,512.882787750792
Fichte,site_700,1994,2,9.52380952380952,0.952380952380952,10.0148148148148,0.0196507936507936,2.56507936507936,,0.816931216931217,0.0419047619047619,501.058201058201
Fichte,site_700,1995,2,12.1546961325967,0.883977900552486,5.17348066298343,,4.29723756906077,1.16132596685083,0.808508287292818,0.246132596685083,533.701657458564
Fichte,site_700,1995,2,12.0087336244542,0.982532751091703,5.06331877729258,,5.27947598253275,1.41484716157205,1.02598253275109,0.110676855895197,530.56768558952
Fichte,site_700,1996,2,9.58019375672766,1.08180839612487,10.2798708288482,0.0113993541442411,2.5005382131324,2.60818083961249,0.643379978471475,0.0760387513455328,526.587728740581
Fichte,site_700,1996,2,9.46236559139785,0.889247311827957,7.0010752688172,0.015752688172043,3.21612903225806,2.02365591397849,0.71752688172043,0.0504516129032258,518.817204301075
Fichte,site_700,1997,2,12.8964059196617,0.948202959830867,12.6014799154334,0.0147885835095137,2.15961945031712,2.73784355179704,0.744291754756871,0.0702114164904863,
Fichte,site_700,1997,2,11.0876451953537,0.788806758183738,7.8078141499472,0.0203484688489968,3.03907074973601,2.42977824709609,0.80844772967265,0.0589968321013728,
Fichte,site_700,1998,2,11.0508978854532,0.672617150143449,7.45404314100521,,2.67134204654128,2.21655509510148,0.651259164807141,0.0575709276378706,487.408351928594
Fichte,site_700,1998,2,10.1128379816904,0.816478603363849,12.2642111986374,0.0137002341920375,1.9150521609538,2.60485416223121,0.63615073451139,0.0749520970832446,482.329146263573
Fichte,site_700,1999,2,10.206251328939,0.922815224324899,11.4597065702743,0.0125877099723581,2.58664682117797,3.03529661917925,0.685413565809058,0.0915054220710185,526.259834148416
Fichte,site_700,1999,2,10.2030083096666,0.655306616177553,5.97033764594509,0.0215525402335121,3.81192805301357,2.09109077521826,0.732512885242453,0.0579152203639424,521.089723361733
Fichte,site_700,2000,2,10.7296137339056,0.841201716738197,5.15772532188841,0.0203326180257511,4.06330472103004,2.29291845493562,0.779613733905579,0.0416201716738197,501.072961373391
Fichte,site_700,2000,2,10.7181136120043,1.01393354769561,11.6130760986066,0.0133011789924973,2.60128617363344,3.21650589496249,0.684673097534834,0.0828295819935691,520.900321543408
Fichte,site_700,2001,2,10.6224771616741,0.865731888676439,12.2721478648821,0.0122370936902486,1.79732313575526,2.81070745697897,0.621627363501168,0.065742511153601,514.552793711493
Fichte,site_700,2001,2,10.6553010122536,0.762919552477358,6.09696323921151,0.0184976025572722,2.93127330847096,2.24933404368673,0.653063399041023,0.0526584976025573,527.33084709643
Fichte,site_700,2002,2,9.55414012738854,0.715498938428875,11.1656050955414,0.0114331210191083,2.30573248407643,2.6348195329087,0.565711252653928,0.0439596602972399,497.876857749469
Fichte,site_700,2002,2,10.6382978723404,0.708510638297872,6.33723404255319,0.0152127659574468,3.25531914893617,2.21276595744681,0.636808510638298,0.0398191489361702,520.212765957447
Fichte,site_700,2003,2,9.46372239747634,0.720294426919033,9.37644584647739,0.0102628811777077,2.32492113564669,2.62250262881178,0.609358569926393,0.0515457413249211,
Fichte,site_700,2003,2,10.4975855553223,0.693890405206802,5.89964308209112,0.0149905521730002,3.43271047659038,1.86857022884736,0.744173840016796,0.0278081041360487,498.635313877808
Fichte,site_700,2004,2,9.93972718621127,0.906207042402453,12.0302421486729,0.011525853864862,2.48916146769589,3.31711959395157,0.710796235592683,0.0705720630221,516.865813682986
Fichte,site_700,2004,2,10.090393104898,0.850325835610679,5.3752364935884,0.0167227244061383,4.16333823838554,2.03384486020601,0.727033844860206,0.0384170695816691,512.718099642632
Fichte,site_700,2006,2,10.5075128717033,0.67458232636335,5.65304192497636,0.00880529578648734,3.48954502469266,2.10885783335085,0.71493117579069,0.0206577703057686,516.969633287801
Fichte,site_700,2006,2,10.5462982493145,0.73507698797722,11.6325669689939,0.00560008437038599,2.47416156928918,2.74098291499684,0.628348449694157,0.0375448217675596,508.331575616959
Fichte,site_700,2007,2,10.9186351706037,0.713910761154856,11.0383202099738,,1.97375328083989,3.05406824146982,0.668766404199475,0.0584776902887139,499.737532808399
Fichte,site_700,2007,2,10.5803477896501,0.730148753404567,8.38466373350094,,3.52084642782317,2.739367274251,0.819191284307563,0.0515399120050283,500.628535512257
Fichte,site_700,2008,2,10.274335345832,0.82650142993327,,0.0216608410126046,2.568583836458,3.34922148077534,0.70532782544222,0.0702679800868552,501.429933269781
Fichte,site_700,2008,2,9.46670874092774,0.753865572735879,6.5404438834543,0.023992847375618,3.55843063006206,2.11528347533396,0.683180814136952,0.020721573577364,496.371094982644
Fichte,site_700,2011,2,9.82256020278834,0.830164765525982,7.92141951837769,0.0135825940008449,2.98584706379383,3.31432192648923,0.809040980143642,0.0621039290240811,521.757498943811
Fichte,site_700,2011,2,11.2928759894459,0.688126649076517,5.75197889182058,0.0228390501319261,4.46860158311346,2.04116094986807,0.734564643799472,0.0368337730870712,522.427440633245
Fichte,site_700,2014,2,10.0292519849561,0.819368992895946,11.3612620142081,0.0122127037191809,2.90534893439198,,0.839427496865859,0.0695048056832428,503.029669870456
Fichte,site_700,2014,2,9.90202209714405,0.663018553262456,6.89076506149677,,3.57723577235772,1.94079633104023,0.661976235146967,0.0397435897435897,510.944340212633
Fichte,site_700,2015,2,8.99299383038795,0.693506221896894,10.0376450904528,0.0184983791697166,3.06075499320297,3.42465753424658,0.74495451218237,0.0449649691519398,513.123496810624
Fichte,site_700,2015,2,10.2811582039446,0.615715484683172,7.08350818296265,0.0224716743600504,4.37788501888376,1.84326479227864,0.645090222408729,0.050986151909358,503.252203105329
Fichte,site_700,2016,2,8.83466554480438,0.742532604122844,11.0222970130416,0.0107278081615482,2.80500631047539,,0.734118636937316,0.0511148506520825,525.347076146403
Fichte,site_700,2016,2,10.4013448203404,0.74070182811515,6.50451775583106,0.0177558310569447,3.77600336205085,1.90060937171675,0.726413111998319,0.0336205085101912,531.519226728304
Fichte,site_700,2017,2,9.0625,0.740625,8.521875,0.0138854166666667,2.79166666666667,3.384375,0.769895833333333,0.0414895833333333,489.375
Fichte,site_700,2017,2,8.45511482254697,0.662839248434238,6,0.0105741127348643,4.41127348643006,1.63361169102296,0.594780793319415,0.0431837160751566,531.941544885178
Fichte,site_700,2018,2,12.1976866456362,0.748685594111462,7.86225026288118,0.0137749737118822,3.61514195583596,2.08517350157729,0.825762355415352,0.0390115667718191,549.947423764459
Fichte,site_700,2018,2,10.3571428571429,0.801470588235294,8.68172268907563,,3.13445378151261,3.00105042016807,0.911659663865546,0.0351890756302521,546.218487394958
Fichte,site_700,2019,2,8.03071176592654,0.756380991907035,12.788960365221,0.0125544718821332,2.68624195891264,,0.703465449263333,0.0531230545756381,542.643702012866
Fichte,site_700,2019,2,8.77430086287556,0.720449111134214,7.97172263229026,0.0149703711404512,3.89021727830336,1.98877222164466,0.59569601829712,0.0422081297432166,549.953217590186
Fichte,site_700,2020,2,9.65042372881356,0.809322033898305,9.60063559322034,0.0220338983050847,4.3739406779661,2.20127118644068,0.75635593220339,0.0474576271186441,536.016949152542
Fichte,site_700,2020,2,12.5705763289656,0.894854586129754,10.9811441355066,0.0110791520187493,3.1138808991158,,0.940662618514967,0.0383509108341323,544.369873228934
Fichte,site_700,2021,2,11.9609694680516,0.716608960235023,8.99590808939251,0.0126954149617039,3.28297135662575,3.26933165460078,0.67149302276781,0.0349386213408876,538.243626062323
Fichte,site_700,2021,2,11.8139048614741,0.65237846314689,8.57605854678515,0.0205959226346053,4.08468374281234,2.13591217982227,0.608468374281234,0.0448510193413487,545.739675901725
Fichte,site_2900,2011,2,10.3049421661409,0.65615141955836,5.10410094637224,0.0155099894847529,3.76340694006309,1.50893796004206,0.636172450052576,0.310410094637224,499.474237644585
Fichte,site_2900,2011,2,11.5850447604002,0.728804634017904,6.82359136387572,0.0149236440231701,2.93944181147973,2.59189046866772,0.791995787256451,0.246445497630332,513.954713006846
Fichte,site_2900,2011,2,12,0.752631578947368,5.42736842105263,0.0152210526315789,4.07473684210526,1.49789473684211,0.930526315789474,0.218631578947368,496.842105263158
Fichte,site_2900,2011,2,11.8275068034331,0.742097550764078,5.62068243667574,0.0245760937827088,4.25999581327193,2.23047938036425,0.83943897843835,,490.893866443374
Fichte,site_2900,2014,2,11.2958895513022,0.709653801903567,5.04235958581738,0.0101328312937977,4.31021859638113,2.12111703796674,0.693860474845727,0.292019663215145,526.095596694906
Fichte,site_2900,2014,2,10.143260483112,0.82390463243752,5.16051448290285,0.00969256509463557,4.33859667468368,2.44693087943114,0.918435637352295,0.201819512705218,498.692878803723
Fichte,site_2900,2014,2,13.9194139194139,0.922867608581894,5.99267399267399,0.0138042909471481,4.32548403976975,2.00627943485086,0.957509157509158,,510.622710622711
Fichte,site_2900,2014,2,12.5418060200669,0.853365384615385,6.4872491638796,0.00598871237458194,4.75961538461538,1.76107859531773,0.866116220735786,0.232545986622074,513.16889632107
Fichte,site_2900,2015,2,9.85738255033557,0.652789429530201,5.3880033557047,,4.0824244966443,1.92848154362416,0.656459731543624,0.319630872483222,514.576342281879
Fichte,site_2900,2015,2,9.89994734070563,0.747867298578199,9.16903633491311,0.0131121642969984,2.22959452343339,2.88362295945234,0.66824644549763,0.319220642443391,515.218536071617
Fichte,site_2900,2015,2,12.7167630057803,0.812086179716237,6.51182343667893,0.0172990015764582,3.84866001050972,2.04519180241724,0.805780346820809,,507.304256437204
Fichte,site_2900,2015,2,10.9048967180455,0.812729369822795,8.90007339834329,0.0157491873754849,3.45181923036594,1.6745307748768,0.755373807276921,0.311628394673377,519.345706196917
Fichte,site_2900,2016,2,11.4219847008278,0.716755737189563,6.39211987844493,0.00953578539243424,3.98407209472912,1.89458241643089,0.627580425442733,0.326731635753956,531.069894163261
Fichte,site_2900,2016,2,11.7832719621252,0.820620725933719,12.1230931088901,0.00662809047869542,2.75960021041557,3.57075223566544,0.75339295107838,0.423461336138874,522.882693319306
Fichte,site_2900,2016,2,12.890379375393,0.814294697128485,8.85244183609306,0.00639278977153637,3.66380213791658,1.76168518130371,0.830853070635087,0.311045902326556,524.418360930623
Fichte,site_2900,2016,2,12.6807797107525,0.931670509327185,7.29930832110669,0.0120519807168309,3.74449800880319,2.41982812827499,0.883672186124502,,513.414378536994
Fichte,site_2900,2017,2,10.5919003115265,0.749740394600208,7.03322949117342,0.00389408099688473,3.37383177570093,2.37279335410176,0.676635514018691,0.432668743509865,517.133956386293
Fichte,site_2900,2017,2,10.7180020811655,0.788761706555671,6.38293444328824,0.00390218522372529,3.79812695109261,2.45993756503642,0.750364203954214,0.222455775234131,489.906347554631
Fichte,site_2900,2017,2,11.7098445595855,0.928497409326425,5.47668393782383,0.00575129533678756,4.92642487046632,1.86528497409326,0.883108808290155,,
Fichte,site_2900,2017,2,11.2852664576803,0.936259143155695,6.06896551724138,0.00706374085684431,4.141065830721,1.2884012539185,0.76760710553814,0.219331243469174,523.719958202717
Fichte,site_2900,2018,2,,0.804416403785489,7.50788643533123,0.010515247108307,3.60567823343849,2.50052576235542,1.05888538380652,0.437434279705573,550.998948475289
Fichte,site_2900,2018,2,13.1440588853838,0.834910620399579,8.35331230283912,0.00799158780231336,3.96740273396425,2.91377497371188,0.9602523659306,0.255520504731861,548.895899053628
Fichte,site_2900,2018,2,12.8421052631579,0.857894736842105,6.5,0.00394736842105263,4.57157894736842,1.45789473684211,0.969894736842105,0.248421052631579,
Fichte,site_2900,2018,2,13.8219895287958,0.859685863874346,4.64816753926702,0.00837696335078534,4.64607329842932,1.32670157068063,0.858848167539267,0.661780104712042,
Fichte,site_2900,2019,2,10.2316401786642,0.759634361691077,8.71403344759531,0.0185831515529241,3.76441258959177,2.48052352757868,0.632180326165992,0.428897891347253,
Fichte,site_2900,2019,2,10.814753073557,0.762867264013336,10.2167118149614,0.00390706397166076,3.46113773702855,3.11523234007085,0.69045634507189,0.280370910606376,
Fichte,site_2900,2019,2,12.8079841979416,0.851439858613162,10.1018816924836,0.00536438299199501,3.6822954569082,1.72055307204491,0.690300447031916,0.299407422809024,
Fichte,site_2900,2019,2,12.6855600539811,0.858507214782519,8.07121353680058,0.0182705283919859,3.97383992525693,2.56825495691892,0.764040278210319,,549.153949963667
Fichte,site_2900,2020,2,11.779687997453,0.846864056033111,9.9416321765892,0.014645017510347,3.42990555024939,3.10622943860766,0.86384378647989,0.552902472673246,550.780006367399
Fichte,site_2900,2020,2,12.6970690932176,0.851761718336684,10.7734631255952,0.0122738334567771,3.24833350968151,3.50015871336366,0.832716114696857,0.328007618241456,540.683525552852
Fichte,site_2900,2020,2,14.1293955168384,0.977371719961755,8.4489535748433,0.00635291617975141,5.07383405927972,1.62009986189313,1.02942738765537,0.300648039944757,
Fichte,site_2900,2020,2,13.2869345143942,0.975429716334493,5.8357060002109,0.00938521564905621,5.9559211220078,2.32415902140673,1.16313402931562,0.799325108088158,542.022566698302
Fichte,site_2900,2021,2,13.8306789606035,0.658005029337804,8.01131601005868,0.00972338642078793,3.37594300083822,2.19090528080469,0.549036043587594,0.3918692372171,546.940486169321
Fichte,site_2900,2021,2,11.4160033514872,0.724759111855886,10.3718056137411,0.00657729367406787,2.92940930037704,3.4635525764558,0.614788437369082,0.285923753665689,540.427314620863
Fichte,site_2900,2021,2,9.75201423040703,0.768023438317464,8.0475044470022,0.00713613058491158,4.31830072198389,1.43141153081511,0.688500575494402,0.264727424924139,550.381919012242
Fichte,site_2900,2021,2,11.5709371416658,0.851662670697383,7.24069634108204,0.0098822057750443,3.78400917335557,2.01709579902012,0.734910872511206,,535.807359532993
